IE_XML_ID;IE_NAME;IE_ID;IE_ACTIVE;IE_ACTIVE_FROM;IE_ACTIVE_TO;IE_PREVIEW_PICTURE;IE_PREVIEW_TEXT;IE_PREVIEW_TEXT_TYPE;IE_DETAIL_PICTURE;IE_DETAIL_TEXT;IE_DETAIL_TEXT_TYPE;IE_CODE;IE_SORT;IE_TAGS;IP_PROP2;IP_PROP3;IP_PROP4;IP_PROP5;IP_PROP6;IP_PROP7;IP_PROP8;IP_PROP9;IP_PROP10;IC_GROUP0;IC_GROUP1;IC_GROUP2
8;Веб-разработчик Bitrix / Web-developer PHP;7;Y;;;;"Мы ITConstruct – команда профессионалов, занимаемся веб-разработкой с 2005 года. Специализируемся на разработке и поддержке проектов в сфере E-Commerce на 1С-Битрикс.

Имеем статус золотого сертифицированного партнера 1С-Битрикс. Занимаем лидирующие позиции среди всех партнеров сети в России и странах СНГ. Являемся абсолютным лидером в Сибири.";text;/upload/iblock/f2e/39vmcmmap5lrvz17emazbv3wwtncdlnj.jpg;"<p>
 <b>Задачи: </b>
</p>
<b> </b>
<p>
	<b> </b>
</p>
<b> </b>
<ul>
	<li><b> </b>
	<p>
		 Разработка новых и поддержка существующих проектов на 1C-Битрикс (типовые и нетиповые решения);
	</p>
 </li>
	<li>
	<p>
		 Разработка модулей и компонентов для 1С-Битрикс;
	</p>
 </li>
	<li>
	<p>
		 Участие в архитектурном проектировании сайтов;
	</p>
 </li>
	<li>
	<p>
		 Интеграция со сторонними сервисами (платежными системами, 1С, CRM системами и прочее);
	</p>
 </li>
	<li>
	<p>
		 Комбинирование Битрикса с другими технологиями необходимыми для конкретной задачи;
	</p>
 </li>
	<li>
	<p>
		 Оценка задач и проектов.
	</p>
 </li>
</ul>
<p>
 <b>Будет плюсом если вы:</b>
</p>
<ul>
	<li>Разрабатывали модули для Битрикса с нуля (для маркетплейса или внутреннего пользования);</li>
	<li>Реализовывали REST API на базе Битрикса (на основе родного или стороннего роутинга, если был опыт комбинации Битрикса с другим фреймворком - круто);</li>
	<li>Ранее использовали такие библиотеки как monolog/monolog-cascade, PHP-DI (или другие аналоги DI-контейнеров);</li>
	<li>Работали с одним из MVC фреймворков (Symfony, Laravel, Yii, Phalcon);</li>
	<li>Разбираетесь в брокерах сообщений (RabbitMQ);</li>
	<li>Встречались с ELK стеком хотя бы на уровне пользователя;</li>
	<li>Ориентируетесь в NoSQL БД (Elasticsearch, Redis).</li>
</ul>
 <b>Чего у нас нет:</b>
<ul>
	<li>Лишней бюрократии;</li>
	<li>Дресс-кода;</li>
	<li>Принуждения работать до потери пульса: у нас стандартный 8-часовой рабочий день с перерывом на обед 1 час.</li>
</ul>
<p>
</p>
<p>
</p>
<p>
 <b>Если вы опытный разработчик и не знаете Битрикс, но хотите узнать, тоже приходите – научим.</b>
</p>";html;;500;1С-Битрикс, PHP, ООП, MySQL, Bitrix, Framework, Git;Студенческая, улица Немировича-Данченко, 138;IT;1;4;Новосибирск;3 месяца;1;"От вас требуется:  Опыт разработки на Bitrix от 1-го года (e-commerce) и хорошее понимание его внутренней архитектуры;  Основательное знание PHP 7, понимание базовых принципов ООП и умение их применять на практике;  Опыт работы с реляционными СУБД (MySQL), понимание принципов оптимизации запросов;  Ориентироваться в JS/Bitrix BX/jQuery. Фронт делать не придется, но какие-то мелочи надо уметь сделать самостоятельно. Понимание vue.js будет большим плюсом;  Опыт работы с системами контроля версий. Мы используем Git на наших проектах.";"Что у нас есть:  Отличные условия для профессионального роста: отлаженная система обучения, помощь коллег, возможность проходить профессиональные курсы. Мы знаем, как прокачивать программистов за короткий срок; Интересные разнообразные задачи, которые не дадут устать от рутины. Чем круче ваш уровень, тем круче задачи вам достаются; Без преувеличения дружный коллектив и комфортная рабочая атмосфера; Комфортные рабочие условия; Справедливая система вознаграждения, которая чётко коррелирует с вашим профессиональным уровнем; Зарплата всегда вовремя; Приветствуются инициативы по улучшениям; Лояльное руководство; Трудоустройство согласно ТК РФ; Офис рядом с ТЦ Горский, 500 метров от метро.";;;
8;Веб-разработчик Bitrix / Web-developer PHP;7;Y;;;;"Мы ITConstruct – команда профессионалов, занимаемся веб-разработкой с 2005 года. Специализируемся на разработке и поддержке проектов в сфере E-Commerce на 1С-Битрикс.

Имеем статус золотого сертифицированного партнера 1С-Битрикс. Занимаем лидирующие позиции среди всех партнеров сети в России и странах СНГ. Являемся абсолютным лидером в Сибири.";text;/upload/iblock/f2e/39vmcmmap5lrvz17emazbv3wwtncdlnj.jpg;"<p>
 <b>Задачи: </b>
</p>
<b> </b>
<p>
	<b> </b>
</p>
<b> </b>
<ul>
	<li><b> </b>
	<p>
		 Разработка новых и поддержка существующих проектов на 1C-Битрикс (типовые и нетиповые решения);
	</p>
 </li>
	<li>
	<p>
		 Разработка модулей и компонентов для 1С-Битрикс;
	</p>
 </li>
	<li>
	<p>
		 Участие в архитектурном проектировании сайтов;
	</p>
 </li>
	<li>
	<p>
		 Интеграция со сторонними сервисами (платежными системами, 1С, CRM системами и прочее);
	</p>
 </li>
	<li>
	<p>
		 Комбинирование Битрикса с другими технологиями необходимыми для конкретной задачи;
	</p>
 </li>
	<li>
	<p>
		 Оценка задач и проектов.
	</p>
 </li>
</ul>
<p>
 <b>Будет плюсом если вы:</b>
</p>
<ul>
	<li>Разрабатывали модули для Битрикса с нуля (для маркетплейса или внутреннего пользования);</li>
	<li>Реализовывали REST API на базе Битрикса (на основе родного или стороннего роутинга, если был опыт комбинации Битрикса с другим фреймворком - круто);</li>
	<li>Ранее использовали такие библиотеки как monolog/monolog-cascade, PHP-DI (или другие аналоги DI-контейнеров);</li>
	<li>Работали с одним из MVC фреймворков (Symfony, Laravel, Yii, Phalcon);</li>
	<li>Разбираетесь в брокерах сообщений (RabbitMQ);</li>
	<li>Встречались с ELK стеком хотя бы на уровне пользователя;</li>
	<li>Ориентируетесь в NoSQL БД (Elasticsearch, Redis).</li>
</ul>
 <b>Чего у нас нет:</b>
<ul>
	<li>Лишней бюрократии;</li>
	<li>Дресс-кода;</li>
	<li>Принуждения работать до потери пульса: у нас стандартный 8-часовой рабочий день с перерывом на обед 1 час.</li>
</ul>
<p>
</p>
<p>
</p>
<p>
 <b>Если вы опытный разработчик и не знаете Битрикс, но хотите узнать, тоже приходите – научим.</b>
</p>";html;;500;1С-Битрикс, PHP, ООП, MySQL, Bitrix, Framework, Git;Студенческая, улица Немировича-Данченко, 138;IT;1;5;Новосибирск;3 месяца;1;"От вас требуется:  Опыт разработки на Bitrix от 1-го года (e-commerce) и хорошее понимание его внутренней архитектуры;  Основательное знание PHP 7, понимание базовых принципов ООП и умение их применять на практике;  Опыт работы с реляционными СУБД (MySQL), понимание принципов оптимизации запросов;  Ориентироваться в JS/Bitrix BX/jQuery. Фронт делать не придется, но какие-то мелочи надо уметь сделать самостоятельно. Понимание vue.js будет большим плюсом;  Опыт работы с системами контроля версий. Мы используем Git на наших проектах.";"Что у нас есть:  Отличные условия для профессионального роста: отлаженная система обучения, помощь коллег, возможность проходить профессиональные курсы. Мы знаем, как прокачивать программистов за короткий срок; Интересные разнообразные задачи, которые не дадут устать от рутины. Чем круче ваш уровень, тем круче задачи вам достаются; Без преувеличения дружный коллектив и комфортная рабочая атмосфера; Комфортные рабочие условия; Справедливая система вознаграждения, которая чётко коррелирует с вашим профессиональным уровнем; Зарплата всегда вовремя; Приветствуются инициативы по улучшениям; Лояльное руководство; Трудоустройство согласно ТК РФ; Офис рядом с ТЦ Горский, 500 метров от метро.";;;
8;Веб-разработчик Bitrix / Web-developer PHP;7;Y;;;;"Мы ITConstruct – команда профессионалов, занимаемся веб-разработкой с 2005 года. Специализируемся на разработке и поддержке проектов в сфере E-Commerce на 1С-Битрикс.

Имеем статус золотого сертифицированного партнера 1С-Битрикс. Занимаем лидирующие позиции среди всех партнеров сети в России и странах СНГ. Являемся абсолютным лидером в Сибири.";text;/upload/iblock/f2e/39vmcmmap5lrvz17emazbv3wwtncdlnj.jpg;"<p>
 <b>Задачи: </b>
</p>
<b> </b>
<p>
	<b> </b>
</p>
<b> </b>
<ul>
	<li><b> </b>
	<p>
		 Разработка новых и поддержка существующих проектов на 1C-Битрикс (типовые и нетиповые решения);
	</p>
 </li>
	<li>
	<p>
		 Разработка модулей и компонентов для 1С-Битрикс;
	</p>
 </li>
	<li>
	<p>
		 Участие в архитектурном проектировании сайтов;
	</p>
 </li>
	<li>
	<p>
		 Интеграция со сторонними сервисами (платежными системами, 1С, CRM системами и прочее);
	</p>
 </li>
	<li>
	<p>
		 Комбинирование Битрикса с другими технологиями необходимыми для конкретной задачи;
	</p>
 </li>
	<li>
	<p>
		 Оценка задач и проектов.
	</p>
 </li>
</ul>
<p>
 <b>Будет плюсом если вы:</b>
</p>
<ul>
	<li>Разрабатывали модули для Битрикса с нуля (для маркетплейса или внутреннего пользования);</li>
	<li>Реализовывали REST API на базе Битрикса (на основе родного или стороннего роутинга, если был опыт комбинации Битрикса с другим фреймворком - круто);</li>
	<li>Ранее использовали такие библиотеки как monolog/monolog-cascade, PHP-DI (или другие аналоги DI-контейнеров);</li>
	<li>Работали с одним из MVC фреймворков (Symfony, Laravel, Yii, Phalcon);</li>
	<li>Разбираетесь в брокерах сообщений (RabbitMQ);</li>
	<li>Встречались с ELK стеком хотя бы на уровне пользователя;</li>
	<li>Ориентируетесь в NoSQL БД (Elasticsearch, Redis).</li>
</ul>
 <b>Чего у нас нет:</b>
<ul>
	<li>Лишней бюрократии;</li>
	<li>Дресс-кода;</li>
	<li>Принуждения работать до потери пульса: у нас стандартный 8-часовой рабочий день с перерывом на обед 1 час.</li>
</ul>
<p>
</p>
<p>
</p>
<p>
 <b>Если вы опытный разработчик и не знаете Битрикс, но хотите узнать, тоже приходите – научим.</b>
</p>";html;;500;1С-Битрикс, PHP, ООП, MySQL, Bitrix, Framework, Git;Студенческая, улица Немировича-Данченко, 138;IT;1;6;Новосибирск;3 месяца;1;"От вас требуется:  Опыт разработки на Bitrix от 1-го года (e-commerce) и хорошее понимание его внутренней архитектуры;  Основательное знание PHP 7, понимание базовых принципов ООП и умение их применять на практике;  Опыт работы с реляционными СУБД (MySQL), понимание принципов оптимизации запросов;  Ориентироваться в JS/Bitrix BX/jQuery. Фронт делать не придется, но какие-то мелочи надо уметь сделать самостоятельно. Понимание vue.js будет большим плюсом;  Опыт работы с системами контроля версий. Мы используем Git на наших проектах.";"Что у нас есть:  Отличные условия для профессионального роста: отлаженная система обучения, помощь коллег, возможность проходить профессиональные курсы. Мы знаем, как прокачивать программистов за короткий срок; Интересные разнообразные задачи, которые не дадут устать от рутины. Чем круче ваш уровень, тем круче задачи вам достаются; Без преувеличения дружный коллектив и комфортная рабочая атмосфера; Комфортные рабочие условия; Справедливая система вознаграждения, которая чётко коррелирует с вашим профессиональным уровнем; Зарплата всегда вовремя; Приветствуются инициативы по улучшениям; Лояльное руководство; Трудоустройство согласно ТК РФ; Офис рядом с ТЦ Горский, 500 метров от метро.";;;
10;Старший кассир;8;Y;;;;МТС Банк – цифровой банк экосистемы МТС. Работа с нами – это карьерный и профессиональный рост молодом, быстро растущем и надежном банке.;html;;"<b>Что мы ждем от тебя:</b><br>
 <br>
 У тебя есть опыт работы на аналогичной должности от года<br>
Тебе важно работать в известной компании с хорошей репутацией";html;;500;Работа с кассой, Кассовые операции, Работа в команде;проспект Карла Маркса, 51;Обслуживающий персонал;5;2;Новосибирск;1 семестр;1;Чем предстоит заниматься:  Проводить кассовые операции с клиентами (физические и юридические лица) Проводить операции с наличностью Закрывать операционный день кассы Формировать кассовые документы;Что мы предлагаем:  Полностью официальное трудоустройство и «белая» зарплата ДМС со стоматологией​ Корпоративный тариф мобильной связи «для своих»​ Хороший доход: фиксированный оклад + ежемесячная премия Работа в современной компании с хорошей репутацией и именем Обучение в Корпоративном Университете компании;;;
10;Старший кассир;8;Y;;;;МТС Банк – цифровой банк экосистемы МТС. Работа с нами – это карьерный и профессиональный рост молодом, быстро растущем и надежном банке.;html;;"<b>Что мы ждем от тебя:</b><br>
 <br>
 У тебя есть опыт работы на аналогичной должности от года<br>
Тебе важно работать в известной компании с хорошей репутацией";html;;500;Работа с кассой, Кассовые операции, Работа в команде;проспект Карла Маркса, 51;Обслуживающий персонал;5;3;Новосибирск;1 семестр;1;Чем предстоит заниматься:  Проводить кассовые операции с клиентами (физические и юридические лица) Проводить операции с наличностью Закрывать операционный день кассы Формировать кассовые документы;Что мы предлагаем:  Полностью официальное трудоустройство и «белая» зарплата ДМС со стоматологией​ Корпоративный тариф мобильной связи «для своих»​ Хороший доход: фиксированный оклад + ежемесячная премия Работа в современной компании с хорошей репутацией и именем Обучение в Корпоративном Университете компании;;;
10;Старший кассир;8;Y;;;;МТС Банк – цифровой банк экосистемы МТС. Работа с нами – это карьерный и профессиональный рост молодом, быстро растущем и надежном банке.;html;;"<b>Что мы ждем от тебя:</b><br>
 <br>
 У тебя есть опыт работы на аналогичной должности от года<br>
Тебе важно работать в известной компании с хорошей репутацией";html;;500;Работа с кассой, Кассовые операции, Работа в команде;проспект Карла Маркса, 51;Обслуживающий персонал;5;4;Новосибирск;1 семестр;1;Чем предстоит заниматься:  Проводить кассовые операции с клиентами (физические и юридические лица) Проводить операции с наличностью Закрывать операционный день кассы Формировать кассовые документы;Что мы предлагаем:  Полностью официальное трудоустройство и «белая» зарплата ДМС со стоматологией​ Корпоративный тариф мобильной связи «для своих»​ Хороший доход: фиксированный оклад + ежемесячная премия Работа в современной компании с хорошей репутацией и именем Обучение в Корпоративном Университете компании;;;
10;Старший кассир;8;Y;;;;МТС Банк – цифровой банк экосистемы МТС. Работа с нами – это карьерный и профессиональный рост молодом, быстро растущем и надежном банке.;html;;"<b>Что мы ждем от тебя:</b><br>
 <br>
 У тебя есть опыт работы на аналогичной должности от года<br>
Тебе важно работать в известной компании с хорошей репутацией";html;;500;Работа с кассой, Кассовые операции, Работа в команде;проспект Карла Маркса, 51;Бухгалетрия;5;2;Новосибирск;1 семестр;1;Чем предстоит заниматься:  Проводить кассовые операции с клиентами (физические и юридические лица) Проводить операции с наличностью Закрывать операционный день кассы Формировать кассовые документы;Что мы предлагаем:  Полностью официальное трудоустройство и «белая» зарплата ДМС со стоматологией​ Корпоративный тариф мобильной связи «для своих»​ Хороший доход: фиксированный оклад + ежемесячная премия Работа в современной компании с хорошей репутацией и именем Обучение в Корпоративном Университете компании;;;
10;Старший кассир;8;Y;;;;МТС Банк – цифровой банк экосистемы МТС. Работа с нами – это карьерный и профессиональный рост молодом, быстро растущем и надежном банке.;html;;"<b>Что мы ждем от тебя:</b><br>
 <br>
 У тебя есть опыт работы на аналогичной должности от года<br>
Тебе важно работать в известной компании с хорошей репутацией";html;;500;Работа с кассой, Кассовые операции, Работа в команде;проспект Карла Маркса, 51;Бухгалетрия;5;3;Новосибирск;1 семестр;1;Чем предстоит заниматься:  Проводить кассовые операции с клиентами (физические и юридические лица) Проводить операции с наличностью Закрывать операционный день кассы Формировать кассовые документы;Что мы предлагаем:  Полностью официальное трудоустройство и «белая» зарплата ДМС со стоматологией​ Корпоративный тариф мобильной связи «для своих»​ Хороший доход: фиксированный оклад + ежемесячная премия Работа в современной компании с хорошей репутацией и именем Обучение в Корпоративном Университете компании;;;
10;Старший кассир;8;Y;;;;МТС Банк – цифровой банк экосистемы МТС. Работа с нами – это карьерный и профессиональный рост молодом, быстро растущем и надежном банке.;html;;"<b>Что мы ждем от тебя:</b><br>
 <br>
 У тебя есть опыт работы на аналогичной должности от года<br>
Тебе важно работать в известной компании с хорошей репутацией";html;;500;Работа с кассой, Кассовые операции, Работа в команде;проспект Карла Маркса, 51;Бухгалетрия;5;4;Новосибирск;1 семестр;1;Чем предстоит заниматься:  Проводить кассовые операции с клиентами (физические и юридические лица) Проводить операции с наличностью Закрывать операционный день кассы Формировать кассовые документы;Что мы предлагаем:  Полностью официальное трудоустройство и «белая» зарплата ДМС со стоматологией​ Корпоративный тариф мобильной связи «для своих»​ Хороший доход: фиксированный оклад + ежемесячная премия Работа в современной компании с хорошей репутацией и именем Обучение в Корпоративном Университете компании;;;
16;Стажёр-менеджер проектов в Яндекс;9;Y;;;/upload/iblock/6b9/26avwha7re360nkm924f8x3sypiaekkw.jpg;Служба по работе с молодежью ищет стажёра – менеджера проектов по развитию сервисов в сфере EdTech.;text;/upload/iblock/95d/onf9yxbfku21o69v7q85fhxr3bb3atpb.jpg;"<b>Что нужно делать</b><br>
<ul>
	<li>совместно с командой развивать новые сервисы: участвовать в мозговых штурмах, предлагать улучшения;</li>
	<li>
	составлять технические задания и общаться со смежниками;</li>
	<li>
	готовить эксперименты и исследования, изучать результаты;</li>
	<li>
	работать с обратной связью от пользователей.</li>
</ul>
 <br>";html;;500;Miro, Excel MS, PowerPoint;;Менеджмент;4;3;Москва;3-6 месяцев;1;"уверенно знаете Excel, Miro, Figma; готовили и запускали онлайн-обучения, соревнования или другие продукты или проекты в сфере HRTech или EdTech; готовы много учиться, в том числе самостоятельно; проактивны и умеете договариваться; умеете работать в условиях меняющихся требований; способны расставлять приоритеты и контролировать выполнение задач в срок.";"официальное трудоустройство на 3–6 месяцев, занятость 40 часов в неделю; гибкий график при условии своевременного выполнения задач; современный офис в центре Москвы с парковкой и всем необходимым для комфортной работы и отдыха или удалённая работа (с командировками); ежедневная компенсация питания на территории офиса; возможность быстро увидеть свой вклад и результат работы.";;;
16;Стажёр-менеджер проектов в Яндекс;9;Y;;;/upload/iblock/6b9/26avwha7re360nkm924f8x3sypiaekkw.jpg;Служба по работе с молодежью ищет стажёра – менеджера проектов по развитию сервисов в сфере EdTech.;text;/upload/iblock/95d/onf9yxbfku21o69v7q85fhxr3bb3atpb.jpg;"<b>Что нужно делать</b><br>
<ul>
	<li>совместно с командой развивать новые сервисы: участвовать в мозговых штурмах, предлагать улучшения;</li>
	<li>
	составлять технические задания и общаться со смежниками;</li>
	<li>
	готовить эксперименты и исследования, изучать результаты;</li>
	<li>
	работать с обратной связью от пользователей.</li>
</ul>
 <br>";html;;500;Miro, Excel MS, PowerPoint;;Менеджмент;4;4;Москва;3-6 месяцев;1;"уверенно знаете Excel, Miro, Figma; готовили и запускали онлайн-обучения, соревнования или другие продукты или проекты в сфере HRTech или EdTech; готовы много учиться, в том числе самостоятельно; проактивны и умеете договариваться; умеете работать в условиях меняющихся требований; способны расставлять приоритеты и контролировать выполнение задач в срок.";"официальное трудоустройство на 3–6 месяцев, занятость 40 часов в неделю; гибкий график при условии своевременного выполнения задач; современный офис в центре Москвы с парковкой и всем необходимым для комфортной работы и отдыха или удалённая работа (с командировками); ежедневная компенсация питания на территории офиса; возможность быстро увидеть свой вклад и результат работы.";;;
16;Стажёр-менеджер проектов в Яндекс;9;Y;;;/upload/iblock/6b9/26avwha7re360nkm924f8x3sypiaekkw.jpg;Служба по работе с молодежью ищет стажёра – менеджера проектов по развитию сервисов в сфере EdTech.;text;/upload/iblock/95d/onf9yxbfku21o69v7q85fhxr3bb3atpb.jpg;"<b>Что нужно делать</b><br>
<ul>
	<li>совместно с командой развивать новые сервисы: участвовать в мозговых штурмах, предлагать улучшения;</li>
	<li>
	составлять технические задания и общаться со смежниками;</li>
	<li>
	готовить эксперименты и исследования, изучать результаты;</li>
	<li>
	работать с обратной связью от пользователей.</li>
</ul>
 <br>";html;;500;Miro, Excel MS, PowerPoint;;IT;4;3;Москва;3-6 месяцев;1;"уверенно знаете Excel, Miro, Figma; готовили и запускали онлайн-обучения, соревнования или другие продукты или проекты в сфере HRTech или EdTech; готовы много учиться, в том числе самостоятельно; проактивны и умеете договариваться; умеете работать в условиях меняющихся требований; способны расставлять приоритеты и контролировать выполнение задач в срок.";"официальное трудоустройство на 3–6 месяцев, занятость 40 часов в неделю; гибкий график при условии своевременного выполнения задач; современный офис в центре Москвы с парковкой и всем необходимым для комфортной работы и отдыха или удалённая работа (с командировками); ежедневная компенсация питания на территории офиса; возможность быстро увидеть свой вклад и результат работы.";;;
16;Стажёр-менеджер проектов в Яндекс;9;Y;;;/upload/iblock/6b9/26avwha7re360nkm924f8x3sypiaekkw.jpg;Служба по работе с молодежью ищет стажёра – менеджера проектов по развитию сервисов в сфере EdTech.;text;/upload/iblock/95d/onf9yxbfku21o69v7q85fhxr3bb3atpb.jpg;"<b>Что нужно делать</b><br>
<ul>
	<li>совместно с командой развивать новые сервисы: участвовать в мозговых штурмах, предлагать улучшения;</li>
	<li>
	составлять технические задания и общаться со смежниками;</li>
	<li>
	готовить эксперименты и исследования, изучать результаты;</li>
	<li>
	работать с обратной связью от пользователей.</li>
</ul>
 <br>";html;;500;Miro, Excel MS, PowerPoint;;IT;4;4;Москва;3-6 месяцев;1;"уверенно знаете Excel, Miro, Figma; готовили и запускали онлайн-обучения, соревнования или другие продукты или проекты в сфере HRTech или EdTech; готовы много учиться, в том числе самостоятельно; проактивны и умеете договариваться; умеете работать в условиях меняющихся требований; способны расставлять приоритеты и контролировать выполнение задач в срок.";"официальное трудоустройство на 3–6 месяцев, занятость 40 часов в неделю; гибкий график при условии своевременного выполнения задач; современный офис в центре Москвы с парковкой и всем необходимым для комфортной работы и отдыха или удалённая работа (с командировками); ежедневная компенсация питания на территории офиса; возможность быстро увидеть свой вклад и результат работы.";;;
16;Стажёр-менеджер проектов в Яндекс;9;Y;;;/upload/iblock/6b9/26avwha7re360nkm924f8x3sypiaekkw.jpg;Служба по работе с молодежью ищет стажёра – менеджера проектов по развитию сервисов в сфере EdTech.;text;/upload/iblock/95d/onf9yxbfku21o69v7q85fhxr3bb3atpb.jpg;"<b>Что нужно делать</b><br>
<ul>
	<li>совместно с командой развивать новые сервисы: участвовать в мозговых штурмах, предлагать улучшения;</li>
	<li>
	составлять технические задания и общаться со смежниками;</li>
	<li>
	готовить эксперименты и исследования, изучать результаты;</li>
	<li>
	работать с обратной связью от пользователей.</li>
</ul>
 <br>";html;;500;Miro, Excel MS, PowerPoint;;HR;4;3;Москва;3-6 месяцев;1;"уверенно знаете Excel, Miro, Figma; готовили и запускали онлайн-обучения, соревнования или другие продукты или проекты в сфере HRTech или EdTech; готовы много учиться, в том числе самостоятельно; проактивны и умеете договариваться; умеете работать в условиях меняющихся требований; способны расставлять приоритеты и контролировать выполнение задач в срок.";"официальное трудоустройство на 3–6 месяцев, занятость 40 часов в неделю; гибкий график при условии своевременного выполнения задач; современный офис в центре Москвы с парковкой и всем необходимым для комфортной работы и отдыха или удалённая работа (с командировками); ежедневная компенсация питания на территории офиса; возможность быстро увидеть свой вклад и результат работы.";;;
16;Стажёр-менеджер проектов в Яндекс;9;Y;;;/upload/iblock/6b9/26avwha7re360nkm924f8x3sypiaekkw.jpg;Служба по работе с молодежью ищет стажёра – менеджера проектов по развитию сервисов в сфере EdTech.;text;/upload/iblock/95d/onf9yxbfku21o69v7q85fhxr3bb3atpb.jpg;"<b>Что нужно делать</b><br>
<ul>
	<li>совместно с командой развивать новые сервисы: участвовать в мозговых штурмах, предлагать улучшения;</li>
	<li>
	составлять технические задания и общаться со смежниками;</li>
	<li>
	готовить эксперименты и исследования, изучать результаты;</li>
	<li>
	работать с обратной связью от пользователей.</li>
</ul>
 <br>";html;;500;Miro, Excel MS, PowerPoint;;HR;4;4;Москва;3-6 месяцев;1;"уверенно знаете Excel, Miro, Figma; готовили и запускали онлайн-обучения, соревнования или другие продукты или проекты в сфере HRTech или EdTech; готовы много учиться, в том числе самостоятельно; проактивны и умеете договариваться; умеете работать в условиях меняющихся требований; способны расставлять приоритеты и контролировать выполнение задач в срок.";"официальное трудоустройство на 3–6 месяцев, занятость 40 часов в неделю; гибкий график при условии своевременного выполнения задач; современный офис в центре Москвы с парковкой и всем необходимым для комфортной работы и отдыха или удалённая работа (с командировками); ежедневная компенсация питания на территории офиса; возможность быстро увидеть свой вклад и результат работы.";;;
7;Стажер-аналитик;10;Y;;;;"<b>В отделе управления доходами открыта вакансия Стажер.&nbsp;</b>Мы ждём активных, готовых к вызову, любящих делать гипотезы и искать факты для их подтверждения!";html;;"<b>ЗАО «Группа компаний С7» (S7 Group) — управляющая компания холдинга S7.</b><br>
 <br>
 Мы работаем в сложной отрасли - здесь важно быть на шаг впереди: узнавать что-то новое, следить за прогрессом технологий, новыми решениями.<br>
 <br>
 Предлагать идеи, ответственно подходить к работе, добиваться результата и получать от этого удовольствие - вот что является залогом успеха в компании.<br>
 <br>
 <b>В отделе управления доходами открыта вакансия Стажер.</b><br>
 <br>
 Мы ждём активных, готовых к вызову, любящих делать гипотезы и искать факты для их подтверждения!<br>
 <br>
 Во время этой стажировки вы получите знания по анализу пассажиропотока на рейсах авиакомпании S7, чтобы сделать полёты наших пассажиров эффективнее.<br>
 <br>
 Присоединяйтесь к нашей команде, получайте удовольствие от новых задач и интересных проектов, находите новых друзей и проявите себя!<br>";html;;500;Аналитическое мышление, Ориентация на результат, Математический анализ, Экономический анализ;Новосибирск, микрорайон Академгородок, улица Николаева, 11/1;Аналитика;2;3;Новосибирск;;1;"Если ты:  - готов уделить стажировке от 20 часов в неделю (от 4 часов в день);  - любишь цифры и данные;  - учишься на последних курсах бакалавриата или магистратуры (факультеты: математический, экономический, технический);  - готов работать полный день через 3 месяца, то мы приглашаем тебя на стажировку.";"Во время стажировки:  - у тебя будет опытный наставник и даже команда отзывчивых коллег;  - подробная программа обучения (баланс теории и практики);  - обучение на реальных кейсах;  - будешь анализировать пассажиропоток и эффективность рейсов в Восточную Сибирь и Дальний Восток и многое другое.  Что еще:  - уютный офис в Академгородке со своей кухней;  - сплоченный коллектив, который ""тусит"" не только в офисе, но и отдыхает вместе;  - официальное трудоустройство;  - перспективы развития в авиации;  - программы заботы о сотрудниках.";;;
7;Стажер-аналитик;10;Y;;;;"<b>В отделе управления доходами открыта вакансия Стажер.&nbsp;</b>Мы ждём активных, готовых к вызову, любящих делать гипотезы и искать факты для их подтверждения!";html;;"<b>ЗАО «Группа компаний С7» (S7 Group) — управляющая компания холдинга S7.</b><br>
 <br>
 Мы работаем в сложной отрасли - здесь важно быть на шаг впереди: узнавать что-то новое, следить за прогрессом технологий, новыми решениями.<br>
 <br>
 Предлагать идеи, ответственно подходить к работе, добиваться результата и получать от этого удовольствие - вот что является залогом успеха в компании.<br>
 <br>
 <b>В отделе управления доходами открыта вакансия Стажер.</b><br>
 <br>
 Мы ждём активных, готовых к вызову, любящих делать гипотезы и искать факты для их подтверждения!<br>
 <br>
 Во время этой стажировки вы получите знания по анализу пассажиропотока на рейсах авиакомпании S7, чтобы сделать полёты наших пассажиров эффективнее.<br>
 <br>
 Присоединяйтесь к нашей команде, получайте удовольствие от новых задач и интересных проектов, находите новых друзей и проявите себя!<br>";html;;500;Аналитическое мышление, Ориентация на результат, Математический анализ, Экономический анализ;Новосибирск, микрорайон Академгородок, улица Николаева, 11/1;Аналитика;2;4;Новосибирск;;1;"Если ты:  - готов уделить стажировке от 20 часов в неделю (от 4 часов в день);  - любишь цифры и данные;  - учишься на последних курсах бакалавриата или магистратуры (факультеты: математический, экономический, технический);  - готов работать полный день через 3 месяца, то мы приглашаем тебя на стажировку.";"Во время стажировки:  - у тебя будет опытный наставник и даже команда отзывчивых коллег;  - подробная программа обучения (баланс теории и практики);  - обучение на реальных кейсах;  - будешь анализировать пассажиропоток и эффективность рейсов в Восточную Сибирь и Дальний Восток и многое другое.  Что еще:  - уютный офис в Академгородке со своей кухней;  - сплоченный коллектив, который ""тусит"" не только в офисе, но и отдыхает вместе;  - официальное трудоустройство;  - перспективы развития в авиации;  - программы заботы о сотрудниках.";;;
9;Главный специалист обработки расчетных операций;11;Y;;;;"МТС Финтех – одно из ключевых направлений развития Группы МТС. Мы развиваем цифровые финансовые продукты и сервисы на стыке банкинга и телекома.
Основа МТС Финтех – МТС Банк – стабильный цифровой банк с фокусом на мобильное приложение и финансовые сервисы нового поколения.";text;;"<b>Твои преимущества:</b><br>
 В МТС Финтех тебя ждет культура творчества и экспериментов: мы всегда ищем новые решения, задаем тренды и не боимся быть не похожими. А еще:<br>
 1. Работа в современной надежной цифровой компании<br>
 2. Доступ к корпоративному университету МТС<br>
 3. Достойная заработная плата<br>
 4. Отсутствие дресс-кода<br>
 5. Специальный тариф на мобильную связь для тебя и близких и предложения от партнеров банка и МТС<br>
 6. Забота о тебе и твоей семье: ДМС со стоматологией, сессиями с психологом и госпитализацией, страхование от несчастных случаев и болезней 24/7 и страхование выезжающих за рубеж. К ДМС можно подключить детей и родственников.<br>
 7. Поддержка сотрудников: программа материальной помощи в различных жизненных ситуациях<br>";html;;500;Работа с юридическими лицами, Работа с большим объемом информации, MS Outlook, Умение принимать решения, Навыки составления отчетности;проспект Фрунзе, 103;Бухгалтерия;5;3;Томск;;1;Мы ожидаем:  Знание действующего законодательства и нормативных документов Банка России по вопросам расчетного и кассового обслуживания, а также по вопросам по приостановлению операций, в т.ч. по исполнительному производству Знание англйиского языка Умение работать с проблемными ситуациями Обучаемость;Вам предстоит:  Проведение операций по банковским счетам клиентов-юридических лиц на основании поступивших Распоряжений в соответствии с законодательством  Отражение в бухгалтерском учете операций, осуществляемых на основании расчетных документов, предъявленных к счетам клиентов, заведение операций в АБС  Составление распоряжений на основании предъявленных исполнительных документов.  Сменный график работы, 1 неделя с 09-00 до 18-00 часов и 1 неделя с 12-00 до 21-00 часов;;;
9;Главный специалист обработки расчетных операций;11;Y;;;;"МТС Финтех – одно из ключевых направлений развития Группы МТС. Мы развиваем цифровые финансовые продукты и сервисы на стыке банкинга и телекома.
Основа МТС Финтех – МТС Банк – стабильный цифровой банк с фокусом на мобильное приложение и финансовые сервисы нового поколения.";text;;"<b>Твои преимущества:</b><br>
 В МТС Финтех тебя ждет культура творчества и экспериментов: мы всегда ищем новые решения, задаем тренды и не боимся быть не похожими. А еще:<br>
 1. Работа в современной надежной цифровой компании<br>
 2. Доступ к корпоративному университету МТС<br>
 3. Достойная заработная плата<br>
 4. Отсутствие дресс-кода<br>
 5. Специальный тариф на мобильную связь для тебя и близких и предложения от партнеров банка и МТС<br>
 6. Забота о тебе и твоей семье: ДМС со стоматологией, сессиями с психологом и госпитализацией, страхование от несчастных случаев и болезней 24/7 и страхование выезжающих за рубеж. К ДМС можно подключить детей и родственников.<br>
 7. Поддержка сотрудников: программа материальной помощи в различных жизненных ситуациях<br>";html;;500;Работа с юридическими лицами, Работа с большим объемом информации, MS Outlook, Умение принимать решения, Навыки составления отчетности;проспект Фрунзе, 103;Бухгалтерия;5;4;Томск;;1;Мы ожидаем:  Знание действующего законодательства и нормативных документов Банка России по вопросам расчетного и кассового обслуживания, а также по вопросам по приостановлению операций, в т.ч. по исполнительному производству Знание англйиского языка Умение работать с проблемными ситуациями Обучаемость;Вам предстоит:  Проведение операций по банковским счетам клиентов-юридических лиц на основании поступивших Распоряжений в соответствии с законодательством  Отражение в бухгалтерском учете операций, осуществляемых на основании расчетных документов, предъявленных к счетам клиентов, заведение операций в АБС  Составление распоряжений на основании предъявленных исполнительных документов.  Сменный график работы, 1 неделя с 09-00 до 18-00 часов и 1 неделя с 12-00 до 21-00 часов;;;
11;Инженер-картограф;12;Y;;;;2ГИС — IT-компания, которая создаёт карту городов со справочником компаний, маршрутами общественного транспорта и навигатором.;html;;"<b>Обязанности:</b><br>
<ul>
	<li>Создание и выверка новых городов, доработка существующих проектов;</li>
	<li>
	Выполнение работ по созданию и доработкам векторных планов, а так же по наполнению их спецслоями;</li>
	<li>
	Выполнение работ в командировках по выверке карт.</li>
</ul>";html;;500;Пользователь ПК, Ответственность, Быстрое обучение, Грамотность;Площадь Маркса;Инженерия;6;4;Новосибирск;;1;"Профильное образование желательно; Приветствуется умение работать в графических редакторах CorelDraw, MapInfo; Умение ориентироваться на местности; Готовность к командировкам 1 раз в полгода; Уверенный пользователь ПК.";"Белая зарплата, официальное трудоустройство; Наставник и обучение для быстрого старта; Пятидневная рабочая неделя, суббота и воскресенье — выходные дни; Удобный график — 5/2 с 09:00 до 18:00 либо с 08:00 до 17:00; После испытательного срока можно работать удалённо — если рабочие показатели будут выполнены; Комфортный офис в пяти минутах от станции метро «Площадь Карла Маркса»; ДМС, 28 дней отпуска и дополнительные дни отдыха за стаж работы; Услуги телемедицины, онлайн-консультации терапевта и невролога 2ГИС, помощь медицинского агента.";;;
11;Инженер-картограф;12;Y;;;;2ГИС — IT-компания, которая создаёт карту городов со справочником компаний, маршрутами общественного транспорта и навигатором.;html;;"<b>Обязанности:</b><br>
<ul>
	<li>Создание и выверка новых городов, доработка существующих проектов;</li>
	<li>
	Выполнение работ по созданию и доработкам векторных планов, а так же по наполнению их спецслоями;</li>
	<li>
	Выполнение работ в командировках по выверке карт.</li>
</ul>";html;;500;Пользователь ПК, Ответственность, Быстрое обучение, Грамотность;Площадь Маркса;Инженерия;6;5;Новосибирск;;1;"Профильное образование желательно; Приветствуется умение работать в графических редакторах CorelDraw, MapInfo; Умение ориентироваться на местности; Готовность к командировкам 1 раз в полгода; Уверенный пользователь ПК.";"Белая зарплата, официальное трудоустройство; Наставник и обучение для быстрого старта; Пятидневная рабочая неделя, суббота и воскресенье — выходные дни; Удобный график — 5/2 с 09:00 до 18:00 либо с 08:00 до 17:00; После испытательного срока можно работать удалённо — если рабочие показатели будут выполнены; Комфортный офис в пяти минутах от станции метро «Площадь Карла Маркса»; ДМС, 28 дней отпуска и дополнительные дни отдыха за стаж работы; Услуги телемедицины, онлайн-консультации терапевта и невролога 2ГИС, помощь медицинского агента.";;;
11;Инженер-картограф;12;Y;;;;2ГИС — IT-компания, которая создаёт карту городов со справочником компаний, маршрутами общественного транспорта и навигатором.;html;;"<b>Обязанности:</b><br>
<ul>
	<li>Создание и выверка новых городов, доработка существующих проектов;</li>
	<li>
	Выполнение работ по созданию и доработкам векторных планов, а так же по наполнению их спецслоями;</li>
	<li>
	Выполнение работ в командировках по выверке карт.</li>
</ul>";html;;500;Пользователь ПК, Ответственность, Быстрое обучение, Грамотность;Площадь Маркса;Инженерия;6;6;Новосибирск;;1;"Профильное образование желательно; Приветствуется умение работать в графических редакторах CorelDraw, MapInfo; Умение ориентироваться на местности; Готовность к командировкам 1 раз в полгода; Уверенный пользователь ПК.";"Белая зарплата, официальное трудоустройство; Наставник и обучение для быстрого старта; Пятидневная рабочая неделя, суббота и воскресенье — выходные дни; Удобный график — 5/2 с 09:00 до 18:00 либо с 08:00 до 17:00; После испытательного срока можно работать удалённо — если рабочие показатели будут выполнены; Комфортный офис в пяти минутах от станции метро «Площадь Карла Маркса»; ДМС, 28 дней отпуска и дополнительные дни отдыха за стаж работы; Услуги телемедицины, онлайн-консультации терапевта и невролога 2ГИС, помощь медицинского агента.";;;
11;Инженер-картограф;12;Y;;;;2ГИС — IT-компания, которая создаёт карту городов со справочником компаний, маршрутами общественного транспорта и навигатором.;html;;"<b>Обязанности:</b><br>
<ul>
	<li>Создание и выверка новых городов, доработка существующих проектов;</li>
	<li>
	Выполнение работ по созданию и доработкам векторных планов, а так же по наполнению их спецслоями;</li>
	<li>
	Выполнение работ в командировках по выверке карт.</li>
</ul>";html;;500;Пользователь ПК, Ответственность, Быстрое обучение, Грамотность;Площадь Маркса;Программирование;6;4;Новосибирск;;1;"Профильное образование желательно; Приветствуется умение работать в графических редакторах CorelDraw, MapInfo; Умение ориентироваться на местности; Готовность к командировкам 1 раз в полгода; Уверенный пользователь ПК.";"Белая зарплата, официальное трудоустройство; Наставник и обучение для быстрого старта; Пятидневная рабочая неделя, суббота и воскресенье — выходные дни; Удобный график — 5/2 с 09:00 до 18:00 либо с 08:00 до 17:00; После испытательного срока можно работать удалённо — если рабочие показатели будут выполнены; Комфортный офис в пяти минутах от станции метро «Площадь Карла Маркса»; ДМС, 28 дней отпуска и дополнительные дни отдыха за стаж работы; Услуги телемедицины, онлайн-консультации терапевта и невролога 2ГИС, помощь медицинского агента.";;;
11;Инженер-картограф;12;Y;;;;2ГИС — IT-компания, которая создаёт карту городов со справочником компаний, маршрутами общественного транспорта и навигатором.;html;;"<b>Обязанности:</b><br>
<ul>
	<li>Создание и выверка новых городов, доработка существующих проектов;</li>
	<li>
	Выполнение работ по созданию и доработкам векторных планов, а так же по наполнению их спецслоями;</li>
	<li>
	Выполнение работ в командировках по выверке карт.</li>
</ul>";html;;500;Пользователь ПК, Ответственность, Быстрое обучение, Грамотность;Площадь Маркса;Программирование;6;5;Новосибирск;;1;"Профильное образование желательно; Приветствуется умение работать в графических редакторах CorelDraw, MapInfo; Умение ориентироваться на местности; Готовность к командировкам 1 раз в полгода; Уверенный пользователь ПК.";"Белая зарплата, официальное трудоустройство; Наставник и обучение для быстрого старта; Пятидневная рабочая неделя, суббота и воскресенье — выходные дни; Удобный график — 5/2 с 09:00 до 18:00 либо с 08:00 до 17:00; После испытательного срока можно работать удалённо — если рабочие показатели будут выполнены; Комфортный офис в пяти минутах от станции метро «Площадь Карла Маркса»; ДМС, 28 дней отпуска и дополнительные дни отдыха за стаж работы; Услуги телемедицины, онлайн-консультации терапевта и невролога 2ГИС, помощь медицинского агента.";;;
11;Инженер-картограф;12;Y;;;;2ГИС — IT-компания, которая создаёт карту городов со справочником компаний, маршрутами общественного транспорта и навигатором.;html;;"<b>Обязанности:</b><br>
<ul>
	<li>Создание и выверка новых городов, доработка существующих проектов;</li>
	<li>
	Выполнение работ по созданию и доработкам векторных планов, а так же по наполнению их спецслоями;</li>
	<li>
	Выполнение работ в командировках по выверке карт.</li>
</ul>";html;;500;Пользователь ПК, Ответственность, Быстрое обучение, Грамотность;Площадь Маркса;Программирование;6;6;Новосибирск;;1;"Профильное образование желательно; Приветствуется умение работать в графических редакторах CorelDraw, MapInfo; Умение ориентироваться на местности; Готовность к командировкам 1 раз в полгода; Уверенный пользователь ПК.";"Белая зарплата, официальное трудоустройство; Наставник и обучение для быстрого старта; Пятидневная рабочая неделя, суббота и воскресенье — выходные дни; Удобный график — 5/2 с 09:00 до 18:00 либо с 08:00 до 17:00; После испытательного срока можно работать удалённо — если рабочие показатели будут выполнены; Комфортный офис в пяти минутах от станции метро «Площадь Карла Маркса»; ДМС, 28 дней отпуска и дополнительные дни отдыха за стаж работы; Услуги телемедицины, онлайн-консультации терапевта и невролога 2ГИС, помощь медицинского агента.";;;
12;Менеджер по продажам рекламы (справочник 2ГИС);13;Y;;;;2ГИС — IT-компания, которая создаёт карту городов со справочником компаний, маршрутами общественного транспорта и навигатором.;text;;"<p>
	 Почему в&nbsp;2ГИС&nbsp;классно
</p>
<ul>
	<li>2ГИС&nbsp;– аккредитованная IT-компания.</li>
</ul>
<ul>
	<li>Зарплата без потолка:&nbsp;фиксированный оклад + процент от продаж.&nbsp;<i>После испытательного срока средний совокупный доход от 55 000 руб., от полугода работы - от 80 000 руб.</i></li>
</ul>
<ul>
	<li>Удобный график работы - 5/2 с 9:00 до 18:00.</li>
	<li>
	<p>
		 ДМС + услуги телемедицины, онлайн-консультации терапевта и невролога&nbsp;2ГИС, помощь медицинского агента.
	</p>
	</li>
	<li>Льготная ипотека и доступ к сервису СберПрайм+.</li>
	<li>
	<p>
		 У нас можно вырасти до руководителя группы продаж: система грейдов позволяет расти по карьерной лестнице и повышать уровень должности и оклада.
	</p>
	</li>
</ul>
<p>
</p>
 <br>";html;;500;Активные продажи, Навыки работы с возражениями, Навыки телефонных продаж, Телефонные переговоры, Ведение клиентской базы;Площадь Маркса, площадь Карла Маркса, 7;Маркетинг и PR;6;3;Новосибирск;;1;Желание и умение учиться новому в сфере продаж интернет-рекламы. Целеустремлённость и настойчивость. Грамотная речь и умение находить общий язык с людьми. Большой плюс — опыт работы в любых продажах.;Продавать рекламные возможности справочника 2ГИС, а именно:  Совершать звонки по существующей базе и проводить встречи с клиентами в онлайн-формате. Вести клиента на протяжении всего сотрудничества, работать с накопленной базой.;;;
12;Менеджер по продажам рекламы (справочник 2ГИС);13;Y;;;;2ГИС — IT-компания, которая создаёт карту городов со справочником компаний, маршрутами общественного транспорта и навигатором.;text;;"<p>
	 Почему в&nbsp;2ГИС&nbsp;классно
</p>
<ul>
	<li>2ГИС&nbsp;– аккредитованная IT-компания.</li>
</ul>
<ul>
	<li>Зарплата без потолка:&nbsp;фиксированный оклад + процент от продаж.&nbsp;<i>После испытательного срока средний совокупный доход от 55 000 руб., от полугода работы - от 80 000 руб.</i></li>
</ul>
<ul>
	<li>Удобный график работы - 5/2 с 9:00 до 18:00.</li>
	<li>
	<p>
		 ДМС + услуги телемедицины, онлайн-консультации терапевта и невролога&nbsp;2ГИС, помощь медицинского агента.
	</p>
	</li>
	<li>Льготная ипотека и доступ к сервису СберПрайм+.</li>
	<li>
	<p>
		 У нас можно вырасти до руководителя группы продаж: система грейдов позволяет расти по карьерной лестнице и повышать уровень должности и оклада.
	</p>
	</li>
</ul>
<p>
</p>
 <br>";html;;500;Активные продажи, Навыки работы с возражениями, Навыки телефонных продаж, Телефонные переговоры, Ведение клиентской базы;Площадь Маркса, площадь Карла Маркса, 7;Маркетинг и PR;6;4;Новосибирск;;1;Желание и умение учиться новому в сфере продаж интернет-рекламы. Целеустремлённость и настойчивость. Грамотная речь и умение находить общий язык с людьми. Большой плюс — опыт работы в любых продажах.;Продавать рекламные возможности справочника 2ГИС, а именно:  Совершать звонки по существующей базе и проводить встречи с клиентами в онлайн-формате. Вести клиента на протяжении всего сотрудничества, работать с накопленной базой.;;;
12;Менеджер по продажам рекламы (справочник 2ГИС);13;Y;;;;2ГИС — IT-компания, которая создаёт карту городов со справочником компаний, маршрутами общественного транспорта и навигатором.;text;;"<p>
	 Почему в&nbsp;2ГИС&nbsp;классно
</p>
<ul>
	<li>2ГИС&nbsp;– аккредитованная IT-компания.</li>
</ul>
<ul>
	<li>Зарплата без потолка:&nbsp;фиксированный оклад + процент от продаж.&nbsp;<i>После испытательного срока средний совокупный доход от 55 000 руб., от полугода работы - от 80 000 руб.</i></li>
</ul>
<ul>
	<li>Удобный график работы - 5/2 с 9:00 до 18:00.</li>
	<li>
	<p>
		 ДМС + услуги телемедицины, онлайн-консультации терапевта и невролога&nbsp;2ГИС, помощь медицинского агента.
	</p>
	</li>
	<li>Льготная ипотека и доступ к сервису СберПрайм+.</li>
	<li>
	<p>
		 У нас можно вырасти до руководителя группы продаж: система грейдов позволяет расти по карьерной лестнице и повышать уровень должности и оклада.
	</p>
	</li>
</ul>
<p>
</p>
 <br>";html;;500;Активные продажи, Навыки работы с возражениями, Навыки телефонных продаж, Телефонные переговоры, Ведение клиентской базы;Площадь Маркса, площадь Карла Маркса, 7;Менеджмент;6;3;Новосибирск;;1;Желание и умение учиться новому в сфере продаж интернет-рекламы. Целеустремлённость и настойчивость. Грамотная речь и умение находить общий язык с людьми. Большой плюс — опыт работы в любых продажах.;Продавать рекламные возможности справочника 2ГИС, а именно:  Совершать звонки по существующей базе и проводить встречи с клиентами в онлайн-формате. Вести клиента на протяжении всего сотрудничества, работать с накопленной базой.;;;
12;Менеджер по продажам рекламы (справочник 2ГИС);13;Y;;;;2ГИС — IT-компания, которая создаёт карту городов со справочником компаний, маршрутами общественного транспорта и навигатором.;text;;"<p>
	 Почему в&nbsp;2ГИС&nbsp;классно
</p>
<ul>
	<li>2ГИС&nbsp;– аккредитованная IT-компания.</li>
</ul>
<ul>
	<li>Зарплата без потолка:&nbsp;фиксированный оклад + процент от продаж.&nbsp;<i>После испытательного срока средний совокупный доход от 55 000 руб., от полугода работы - от 80 000 руб.</i></li>
</ul>
<ul>
	<li>Удобный график работы - 5/2 с 9:00 до 18:00.</li>
	<li>
	<p>
		 ДМС + услуги телемедицины, онлайн-консультации терапевта и невролога&nbsp;2ГИС, помощь медицинского агента.
	</p>
	</li>
	<li>Льготная ипотека и доступ к сервису СберПрайм+.</li>
	<li>
	<p>
		 У нас можно вырасти до руководителя группы продаж: система грейдов позволяет расти по карьерной лестнице и повышать уровень должности и оклада.
	</p>
	</li>
</ul>
<p>
</p>
 <br>";html;;500;Активные продажи, Навыки работы с возражениями, Навыки телефонных продаж, Телефонные переговоры, Ведение клиентской базы;Площадь Маркса, площадь Карла Маркса, 7;Менеджмент;6;4;Новосибирск;;1;Желание и умение учиться новому в сфере продаж интернет-рекламы. Целеустремлённость и настойчивость. Грамотная речь и умение находить общий язык с людьми. Большой плюс — опыт работы в любых продажах.;Продавать рекламные возможности справочника 2ГИС, а именно:  Совершать звонки по существующей базе и проводить встречи с клиентами в онлайн-формате. Вести клиента на протяжении всего сотрудничества, работать с накопленной базой.;;;
13;Специалист контакт-центра;14;Y;;;;Мы делаем 2ГИС — сервис для удобной жизни в городе. Им каждый месяц пользуется 55 млн человек. Чтобы пользователи могли находить точную информацию о городах, местах и компаниях в них, нам нужны супергерои — операторы. Те, кто будут стоять на страже точности данных — времени работы и другой полезной информации о всех компаниях в Новосибирске.;html;;"<b>Задачи:</b><br>
<ul>
	<li>Звонить в компании и уточнять данные — название, график работы, способ оплаты, контактную информацию, средний чек и т.д.</li>
</ul>
<ul>
	<li>
	Обрабатывать сообщения о неточностях от компаний и пользователей 2ГИС.</li>
</ul>
<ul>
	<li>
	Обновлять информацию о компаниях в базе данных 2ГИС.</li>
</ul>";html;;500;Грамотная речь, Пользователь ПК, Умение находить общий язык, Работа в команде, Грамотность, Работа с большим объемом информации, Телефонные переговоры, Консультирование клиентов по телефону;Площадь Маркса, площадь Карла Маркса, 7;Менеджмент;6;1;Новосибирск;;1;Главное, что мы ждём от тебя — умение находить общий язык с разными людьми, грамотная речь и готовность много разговаривать по телефону. Можно без опыта.;Личный наставник и обучение для быстрого старта. Белая зарплата, ДМС, 28 дней отпуска и дополнительные дни отдыха за стаж работы. Возможность через год повысить категорию и увеличить свой доход. Пятидневная рабочая неделя, суббота и воскресенье — выходные дни. Удобный график — 5/2 с 12:00 до 21:00. Комфортный офис в пяти минутах от станции метро «Площадь Карла Маркса». Можно работать удалённо, не выходя из дома. Услуги телемедицины, онлайн-консультации терапевта и невролога 2ГИС, помощь медицинского агента.;;;
13;Специалист контакт-центра;14;Y;;;;Мы делаем 2ГИС — сервис для удобной жизни в городе. Им каждый месяц пользуется 55 млн человек. Чтобы пользователи могли находить точную информацию о городах, местах и компаниях в них, нам нужны супергерои — операторы. Те, кто будут стоять на страже точности данных — времени работы и другой полезной информации о всех компаниях в Новосибирске.;html;;"<b>Задачи:</b><br>
<ul>
	<li>Звонить в компании и уточнять данные — название, график работы, способ оплаты, контактную информацию, средний чек и т.д.</li>
</ul>
<ul>
	<li>
	Обрабатывать сообщения о неточностях от компаний и пользователей 2ГИС.</li>
</ul>
<ul>
	<li>
	Обновлять информацию о компаниях в базе данных 2ГИС.</li>
</ul>";html;;500;Грамотная речь, Пользователь ПК, Умение находить общий язык, Работа в команде, Грамотность, Работа с большим объемом информации, Телефонные переговоры, Консультирование клиентов по телефону;Площадь Маркса, площадь Карла Маркса, 7;Менеджмент;6;2;Новосибирск;;1;Главное, что мы ждём от тебя — умение находить общий язык с разными людьми, грамотная речь и готовность много разговаривать по телефону. Можно без опыта.;Личный наставник и обучение для быстрого старта. Белая зарплата, ДМС, 28 дней отпуска и дополнительные дни отдыха за стаж работы. Возможность через год повысить категорию и увеличить свой доход. Пятидневная рабочая неделя, суббота и воскресенье — выходные дни. Удобный график — 5/2 с 12:00 до 21:00. Комфортный офис в пяти минутах от станции метро «Площадь Карла Маркса». Можно работать удалённо, не выходя из дома. Услуги телемедицины, онлайн-консультации терапевта и невролога 2ГИС, помощь медицинского агента.;;;
13;Специалист контакт-центра;14;Y;;;;Мы делаем 2ГИС — сервис для удобной жизни в городе. Им каждый месяц пользуется 55 млн человек. Чтобы пользователи могли находить точную информацию о городах, местах и компаниях в них, нам нужны супергерои — операторы. Те, кто будут стоять на страже точности данных — времени работы и другой полезной информации о всех компаниях в Новосибирске.;html;;"<b>Задачи:</b><br>
<ul>
	<li>Звонить в компании и уточнять данные — название, график работы, способ оплаты, контактную информацию, средний чек и т.д.</li>
</ul>
<ul>
	<li>
	Обрабатывать сообщения о неточностях от компаний и пользователей 2ГИС.</li>
</ul>
<ul>
	<li>
	Обновлять информацию о компаниях в базе данных 2ГИС.</li>
</ul>";html;;500;Грамотная речь, Пользователь ПК, Умение находить общий язык, Работа в команде, Грамотность, Работа с большим объемом информации, Телефонные переговоры, Консультирование клиентов по телефону;Площадь Маркса, площадь Карла Маркса, 7;Менеджмент;6;3;Новосибирск;;1;Главное, что мы ждём от тебя — умение находить общий язык с разными людьми, грамотная речь и готовность много разговаривать по телефону. Можно без опыта.;Личный наставник и обучение для быстрого старта. Белая зарплата, ДМС, 28 дней отпуска и дополнительные дни отдыха за стаж работы. Возможность через год повысить категорию и увеличить свой доход. Пятидневная рабочая неделя, суббота и воскресенье — выходные дни. Удобный график — 5/2 с 12:00 до 21:00. Комфортный офис в пяти минутах от станции метро «Площадь Карла Маркса». Можно работать удалённо, не выходя из дома. Услуги телемедицины, онлайн-консультации терапевта и невролога 2ГИС, помощь медицинского агента.;;;
13;Специалист контакт-центра;14;Y;;;;Мы делаем 2ГИС — сервис для удобной жизни в городе. Им каждый месяц пользуется 55 млн человек. Чтобы пользователи могли находить точную информацию о городах, местах и компаниях в них, нам нужны супергерои — операторы. Те, кто будут стоять на страже точности данных — времени работы и другой полезной информации о всех компаниях в Новосибирске.;html;;"<b>Задачи:</b><br>
<ul>
	<li>Звонить в компании и уточнять данные — название, график работы, способ оплаты, контактную информацию, средний чек и т.д.</li>
</ul>
<ul>
	<li>
	Обрабатывать сообщения о неточностях от компаний и пользователей 2ГИС.</li>
</ul>
<ul>
	<li>
	Обновлять информацию о компаниях в базе данных 2ГИС.</li>
</ul>";html;;500;Грамотная речь, Пользователь ПК, Умение находить общий язык, Работа в команде, Грамотность, Работа с большим объемом информации, Телефонные переговоры, Консультирование клиентов по телефону;Площадь Маркса, площадь Карла Маркса, 7;Консалтинг;6;1;Новосибирск;;1;Главное, что мы ждём от тебя — умение находить общий язык с разными людьми, грамотная речь и готовность много разговаривать по телефону. Можно без опыта.;Личный наставник и обучение для быстрого старта. Белая зарплата, ДМС, 28 дней отпуска и дополнительные дни отдыха за стаж работы. Возможность через год повысить категорию и увеличить свой доход. Пятидневная рабочая неделя, суббота и воскресенье — выходные дни. Удобный график — 5/2 с 12:00 до 21:00. Комфортный офис в пяти минутах от станции метро «Площадь Карла Маркса». Можно работать удалённо, не выходя из дома. Услуги телемедицины, онлайн-консультации терапевта и невролога 2ГИС, помощь медицинского агента.;;;
13;Специалист контакт-центра;14;Y;;;;Мы делаем 2ГИС — сервис для удобной жизни в городе. Им каждый месяц пользуется 55 млн человек. Чтобы пользователи могли находить точную информацию о городах, местах и компаниях в них, нам нужны супергерои — операторы. Те, кто будут стоять на страже точности данных — времени работы и другой полезной информации о всех компаниях в Новосибирске.;html;;"<b>Задачи:</b><br>
<ul>
	<li>Звонить в компании и уточнять данные — название, график работы, способ оплаты, контактную информацию, средний чек и т.д.</li>
</ul>
<ul>
	<li>
	Обрабатывать сообщения о неточностях от компаний и пользователей 2ГИС.</li>
</ul>
<ul>
	<li>
	Обновлять информацию о компаниях в базе данных 2ГИС.</li>
</ul>";html;;500;Грамотная речь, Пользователь ПК, Умение находить общий язык, Работа в команде, Грамотность, Работа с большим объемом информации, Телефонные переговоры, Консультирование клиентов по телефону;Площадь Маркса, площадь Карла Маркса, 7;Консалтинг;6;2;Новосибирск;;1;Главное, что мы ждём от тебя — умение находить общий язык с разными людьми, грамотная речь и готовность много разговаривать по телефону. Можно без опыта.;Личный наставник и обучение для быстрого старта. Белая зарплата, ДМС, 28 дней отпуска и дополнительные дни отдыха за стаж работы. Возможность через год повысить категорию и увеличить свой доход. Пятидневная рабочая неделя, суббота и воскресенье — выходные дни. Удобный график — 5/2 с 12:00 до 21:00. Комфортный офис в пяти минутах от станции метро «Площадь Карла Маркса». Можно работать удалённо, не выходя из дома. Услуги телемедицины, онлайн-консультации терапевта и невролога 2ГИС, помощь медицинского агента.;;;
13;Специалист контакт-центра;14;Y;;;;Мы делаем 2ГИС — сервис для удобной жизни в городе. Им каждый месяц пользуется 55 млн человек. Чтобы пользователи могли находить точную информацию о городах, местах и компаниях в них, нам нужны супергерои — операторы. Те, кто будут стоять на страже точности данных — времени работы и другой полезной информации о всех компаниях в Новосибирске.;html;;"<b>Задачи:</b><br>
<ul>
	<li>Звонить в компании и уточнять данные — название, график работы, способ оплаты, контактную информацию, средний чек и т.д.</li>
</ul>
<ul>
	<li>
	Обрабатывать сообщения о неточностях от компаний и пользователей 2ГИС.</li>
</ul>
<ul>
	<li>
	Обновлять информацию о компаниях в базе данных 2ГИС.</li>
</ul>";html;;500;Грамотная речь, Пользователь ПК, Умение находить общий язык, Работа в команде, Грамотность, Работа с большим объемом информации, Телефонные переговоры, Консультирование клиентов по телефону;Площадь Маркса, площадь Карла Маркса, 7;Консалтинг;6;3;Новосибирск;;1;Главное, что мы ждём от тебя — умение находить общий язык с разными людьми, грамотная речь и готовность много разговаривать по телефону. Можно без опыта.;Личный наставник и обучение для быстрого старта. Белая зарплата, ДМС, 28 дней отпуска и дополнительные дни отдыха за стаж работы. Возможность через год повысить категорию и увеличить свой доход. Пятидневная рабочая неделя, суббота и воскресенье — выходные дни. Удобный график — 5/2 с 12:00 до 21:00. Комфортный офис в пяти минутах от станции метро «Площадь Карла Маркса». Можно работать удалённо, не выходя из дома. Услуги телемедицины, онлайн-консультации терапевта и невролога 2ГИС, помощь медицинского агента.;;;
13;Специалист контакт-центра;14;Y;;;;Мы делаем 2ГИС — сервис для удобной жизни в городе. Им каждый месяц пользуется 55 млн человек. Чтобы пользователи могли находить точную информацию о городах, местах и компаниях в них, нам нужны супергерои — операторы. Те, кто будут стоять на страже точности данных — времени работы и другой полезной информации о всех компаниях в Новосибирске.;html;;"<b>Задачи:</b><br>
<ul>
	<li>Звонить в компании и уточнять данные — название, график работы, способ оплаты, контактную информацию, средний чек и т.д.</li>
</ul>
<ul>
	<li>
	Обрабатывать сообщения о неточностях от компаний и пользователей 2ГИС.</li>
</ul>
<ul>
	<li>
	Обновлять информацию о компаниях в базе данных 2ГИС.</li>
</ul>";html;;500;Грамотная речь, Пользователь ПК, Умение находить общий язык, Работа в команде, Грамотность, Работа с большим объемом информации, Телефонные переговоры, Консультирование клиентов по телефону;Площадь Маркса, площадь Карла Маркса, 7;Продажи;6;1;Новосибирск;;1;Главное, что мы ждём от тебя — умение находить общий язык с разными людьми, грамотная речь и готовность много разговаривать по телефону. Можно без опыта.;Личный наставник и обучение для быстрого старта. Белая зарплата, ДМС, 28 дней отпуска и дополнительные дни отдыха за стаж работы. Возможность через год повысить категорию и увеличить свой доход. Пятидневная рабочая неделя, суббота и воскресенье — выходные дни. Удобный график — 5/2 с 12:00 до 21:00. Комфортный офис в пяти минутах от станции метро «Площадь Карла Маркса». Можно работать удалённо, не выходя из дома. Услуги телемедицины, онлайн-консультации терапевта и невролога 2ГИС, помощь медицинского агента.;;;
13;Специалист контакт-центра;14;Y;;;;Мы делаем 2ГИС — сервис для удобной жизни в городе. Им каждый месяц пользуется 55 млн человек. Чтобы пользователи могли находить точную информацию о городах, местах и компаниях в них, нам нужны супергерои — операторы. Те, кто будут стоять на страже точности данных — времени работы и другой полезной информации о всех компаниях в Новосибирске.;html;;"<b>Задачи:</b><br>
<ul>
	<li>Звонить в компании и уточнять данные — название, график работы, способ оплаты, контактную информацию, средний чек и т.д.</li>
</ul>
<ul>
	<li>
	Обрабатывать сообщения о неточностях от компаний и пользователей 2ГИС.</li>
</ul>
<ul>
	<li>
	Обновлять информацию о компаниях в базе данных 2ГИС.</li>
</ul>";html;;500;Грамотная речь, Пользователь ПК, Умение находить общий язык, Работа в команде, Грамотность, Работа с большим объемом информации, Телефонные переговоры, Консультирование клиентов по телефону;Площадь Маркса, площадь Карла Маркса, 7;Продажи;6;2;Новосибирск;;1;Главное, что мы ждём от тебя — умение находить общий язык с разными людьми, грамотная речь и готовность много разговаривать по телефону. Можно без опыта.;Личный наставник и обучение для быстрого старта. Белая зарплата, ДМС, 28 дней отпуска и дополнительные дни отдыха за стаж работы. Возможность через год повысить категорию и увеличить свой доход. Пятидневная рабочая неделя, суббота и воскресенье — выходные дни. Удобный график — 5/2 с 12:00 до 21:00. Комфортный офис в пяти минутах от станции метро «Площадь Карла Маркса». Можно работать удалённо, не выходя из дома. Услуги телемедицины, онлайн-консультации терапевта и невролога 2ГИС, помощь медицинского агента.;;;
13;Специалист контакт-центра;14;Y;;;;Мы делаем 2ГИС — сервис для удобной жизни в городе. Им каждый месяц пользуется 55 млн человек. Чтобы пользователи могли находить точную информацию о городах, местах и компаниях в них, нам нужны супергерои — операторы. Те, кто будут стоять на страже точности данных — времени работы и другой полезной информации о всех компаниях в Новосибирске.;html;;"<b>Задачи:</b><br>
<ul>
	<li>Звонить в компании и уточнять данные — название, график работы, способ оплаты, контактную информацию, средний чек и т.д.</li>
</ul>
<ul>
	<li>
	Обрабатывать сообщения о неточностях от компаний и пользователей 2ГИС.</li>
</ul>
<ul>
	<li>
	Обновлять информацию о компаниях в базе данных 2ГИС.</li>
</ul>";html;;500;Грамотная речь, Пользователь ПК, Умение находить общий язык, Работа в команде, Грамотность, Работа с большим объемом информации, Телефонные переговоры, Консультирование клиентов по телефону;Площадь Маркса, площадь Карла Маркса, 7;Продажи;6;3;Новосибирск;;1;Главное, что мы ждём от тебя — умение находить общий язык с разными людьми, грамотная речь и готовность много разговаривать по телефону. Можно без опыта.;Личный наставник и обучение для быстрого старта. Белая зарплата, ДМС, 28 дней отпуска и дополнительные дни отдыха за стаж работы. Возможность через год повысить категорию и увеличить свой доход. Пятидневная рабочая неделя, суббота и воскресенье — выходные дни. Удобный график — 5/2 с 12:00 до 21:00. Комфортный офис в пяти минутах от станции метро «Площадь Карла Маркса». Можно работать удалённо, не выходя из дома. Услуги телемедицины, онлайн-консультации терапевта и невролога 2ГИС, помощь медицинского агента.;;;
13;Специалист контакт-центра;14;Y;;;;Мы делаем 2ГИС — сервис для удобной жизни в городе. Им каждый месяц пользуется 55 млн человек. Чтобы пользователи могли находить точную информацию о городах, местах и компаниях в них, нам нужны супергерои — операторы. Те, кто будут стоять на страже точности данных — времени работы и другой полезной информации о всех компаниях в Новосибирске.;html;;"<b>Задачи:</b><br>
<ul>
	<li>Звонить в компании и уточнять данные — название, график работы, способ оплаты, контактную информацию, средний чек и т.д.</li>
</ul>
<ul>
	<li>
	Обрабатывать сообщения о неточностях от компаний и пользователей 2ГИС.</li>
</ul>
<ul>
	<li>
	Обновлять информацию о компаниях в базе данных 2ГИС.</li>
</ul>";html;;500;Грамотная речь, Пользователь ПК, Умение находить общий язык, Работа в команде, Грамотность, Работа с большим объемом информации, Телефонные переговоры, Консультирование клиентов по телефону;Площадь Маркса, площадь Карла Маркса, 7;Работа с людьми;6;1;Новосибирск;;1;Главное, что мы ждём от тебя — умение находить общий язык с разными людьми, грамотная речь и готовность много разговаривать по телефону. Можно без опыта.;Личный наставник и обучение для быстрого старта. Белая зарплата, ДМС, 28 дней отпуска и дополнительные дни отдыха за стаж работы. Возможность через год повысить категорию и увеличить свой доход. Пятидневная рабочая неделя, суббота и воскресенье — выходные дни. Удобный график — 5/2 с 12:00 до 21:00. Комфортный офис в пяти минутах от станции метро «Площадь Карла Маркса». Можно работать удалённо, не выходя из дома. Услуги телемедицины, онлайн-консультации терапевта и невролога 2ГИС, помощь медицинского агента.;;;
13;Специалист контакт-центра;14;Y;;;;Мы делаем 2ГИС — сервис для удобной жизни в городе. Им каждый месяц пользуется 55 млн человек. Чтобы пользователи могли находить точную информацию о городах, местах и компаниях в них, нам нужны супергерои — операторы. Те, кто будут стоять на страже точности данных — времени работы и другой полезной информации о всех компаниях в Новосибирске.;html;;"<b>Задачи:</b><br>
<ul>
	<li>Звонить в компании и уточнять данные — название, график работы, способ оплаты, контактную информацию, средний чек и т.д.</li>
</ul>
<ul>
	<li>
	Обрабатывать сообщения о неточностях от компаний и пользователей 2ГИС.</li>
</ul>
<ul>
	<li>
	Обновлять информацию о компаниях в базе данных 2ГИС.</li>
</ul>";html;;500;Грамотная речь, Пользователь ПК, Умение находить общий язык, Работа в команде, Грамотность, Работа с большим объемом информации, Телефонные переговоры, Консультирование клиентов по телефону;Площадь Маркса, площадь Карла Маркса, 7;Работа с людьми;6;2;Новосибирск;;1;Главное, что мы ждём от тебя — умение находить общий язык с разными людьми, грамотная речь и готовность много разговаривать по телефону. Можно без опыта.;Личный наставник и обучение для быстрого старта. Белая зарплата, ДМС, 28 дней отпуска и дополнительные дни отдыха за стаж работы. Возможность через год повысить категорию и увеличить свой доход. Пятидневная рабочая неделя, суббота и воскресенье — выходные дни. Удобный график — 5/2 с 12:00 до 21:00. Комфортный офис в пяти минутах от станции метро «Площадь Карла Маркса». Можно работать удалённо, не выходя из дома. Услуги телемедицины, онлайн-консультации терапевта и невролога 2ГИС, помощь медицинского агента.;;;
13;Специалист контакт-центра;14;Y;;;;Мы делаем 2ГИС — сервис для удобной жизни в городе. Им каждый месяц пользуется 55 млн человек. Чтобы пользователи могли находить точную информацию о городах, местах и компаниях в них, нам нужны супергерои — операторы. Те, кто будут стоять на страже точности данных — времени работы и другой полезной информации о всех компаниях в Новосибирске.;html;;"<b>Задачи:</b><br>
<ul>
	<li>Звонить в компании и уточнять данные — название, график работы, способ оплаты, контактную информацию, средний чек и т.д.</li>
</ul>
<ul>
	<li>
	Обрабатывать сообщения о неточностях от компаний и пользователей 2ГИС.</li>
</ul>
<ul>
	<li>
	Обновлять информацию о компаниях в базе данных 2ГИС.</li>
</ul>";html;;500;Грамотная речь, Пользователь ПК, Умение находить общий язык, Работа в команде, Грамотность, Работа с большим объемом информации, Телефонные переговоры, Консультирование клиентов по телефону;Площадь Маркса, площадь Карла Маркса, 7;Работа с людьми;6;3;Новосибирск;;1;Главное, что мы ждём от тебя — умение находить общий язык с разными людьми, грамотная речь и готовность много разговаривать по телефону. Можно без опыта.;Личный наставник и обучение для быстрого старта. Белая зарплата, ДМС, 28 дней отпуска и дополнительные дни отдыха за стаж работы. Возможность через год повысить категорию и увеличить свой доход. Пятидневная рабочая неделя, суббота и воскресенье — выходные дни. Удобный график — 5/2 с 12:00 до 21:00. Комфортный офис в пяти минутах от станции метро «Площадь Карла Маркса». Можно работать удалённо, не выходя из дома. Услуги телемедицины, онлайн-консультации терапевта и невролога 2ГИС, помощь медицинского агента.;;;
14;Специалист отдела недвижимости и развития инфраструктуры;15;Y;;;;Сбер —лучший работодатель России. У нас 14 тысяч подразделений по всей стране и возможности развития для каждого сотрудника. В Сбере тебя ждет дружный коллектив, высококлассная профессиональная подготовка, современные технологии работы, забота о здоровье и безопасности.;text;;"<b><br>
</b><b>Обязанности:&nbsp;</b><br>
<ol>
	<li>разработка планировочных решений</li>
	<li>
	тех. надзора на объектах реконструкций и кап. ремонтов банка</li>
	<li>
	полное сопровождение строительного процесса</li>
</ol>
<ol>
</ol>";html;;500;AutoCAD, ArchiCAD, Грамотность, Инженерия, Строительство;;Продажи;3;5;Новосибирск;;1;высшее инженер-строитель, желательно ПГС знание строительных норм и правил умение работать в программах AutoCAD, ArchiCAD.;стабильный оклад и социальная поддержка сотрудников официальное оформление с первого дня ипотека выгоднее на 4% для каждого сотрудника льготные условия кредитования ДМС с первого дня и льготное страхование для близких бесплатная подписка Сбер Прайм+и скидки на продукты компаний-партнеров корпоративная пенсионная программа обучение за счет компании:онлайн курсы в Виртуальной школе Сбера и возможность получить новую квалификацию.;;;
14;Специалист отдела недвижимости и развития инфраструктуры;15;Y;;;;Сбер —лучший работодатель России. У нас 14 тысяч подразделений по всей стране и возможности развития для каждого сотрудника. В Сбере тебя ждет дружный коллектив, высококлассная профессиональная подготовка, современные технологии работы, забота о здоровье и безопасности.;text;;"<b><br>
</b><b>Обязанности:&nbsp;</b><br>
<ol>
	<li>разработка планировочных решений</li>
	<li>
	тех. надзора на объектах реконструкций и кап. ремонтов банка</li>
	<li>
	полное сопровождение строительного процесса</li>
</ol>
<ol>
</ol>";html;;500;AutoCAD, ArchiCAD, Грамотность, Инженерия, Строительство;;Продажи;3;6;Новосибирск;;1;высшее инженер-строитель, желательно ПГС знание строительных норм и правил умение работать в программах AutoCAD, ArchiCAD.;стабильный оклад и социальная поддержка сотрудников официальное оформление с первого дня ипотека выгоднее на 4% для каждого сотрудника льготные условия кредитования ДМС с первого дня и льготное страхование для близких бесплатная подписка Сбер Прайм+и скидки на продукты компаний-партнеров корпоративная пенсионная программа обучение за счет компании:онлайн курсы в Виртуальной школе Сбера и возможность получить новую квалификацию.;;;
14;Специалист отдела недвижимости и развития инфраструктуры;15;Y;;;;Сбер —лучший работодатель России. У нас 14 тысяч подразделений по всей стране и возможности развития для каждого сотрудника. В Сбере тебя ждет дружный коллектив, высококлассная профессиональная подготовка, современные технологии работы, забота о здоровье и безопасности.;text;;"<b><br>
</b><b>Обязанности:&nbsp;</b><br>
<ol>
	<li>разработка планировочных решений</li>
	<li>
	тех. надзора на объектах реконструкций и кап. ремонтов банка</li>
	<li>
	полное сопровождение строительного процесса</li>
</ol>
<ol>
</ol>";html;;500;AutoCAD, ArchiCAD, Грамотность, Инженерия, Строительство;;Работа с людьми;3;5;Новосибирск;;1;высшее инженер-строитель, желательно ПГС знание строительных норм и правил умение работать в программах AutoCAD, ArchiCAD.;стабильный оклад и социальная поддержка сотрудников официальное оформление с первого дня ипотека выгоднее на 4% для каждого сотрудника льготные условия кредитования ДМС с первого дня и льготное страхование для близких бесплатная подписка Сбер Прайм+и скидки на продукты компаний-партнеров корпоративная пенсионная программа обучение за счет компании:онлайн курсы в Виртуальной школе Сбера и возможность получить новую квалификацию.;;;
14;Специалист отдела недвижимости и развития инфраструктуры;15;Y;;;;Сбер —лучший работодатель России. У нас 14 тысяч подразделений по всей стране и возможности развития для каждого сотрудника. В Сбере тебя ждет дружный коллектив, высококлассная профессиональная подготовка, современные технологии работы, забота о здоровье и безопасности.;text;;"<b><br>
</b><b>Обязанности:&nbsp;</b><br>
<ol>
	<li>разработка планировочных решений</li>
	<li>
	тех. надзора на объектах реконструкций и кап. ремонтов банка</li>
	<li>
	полное сопровождение строительного процесса</li>
</ol>
<ol>
</ol>";html;;500;AutoCAD, ArchiCAD, Грамотность, Инженерия, Строительство;;Работа с людьми;3;6;Новосибирск;;1;высшее инженер-строитель, желательно ПГС знание строительных норм и правил умение работать в программах AutoCAD, ArchiCAD.;стабильный оклад и социальная поддержка сотрудников официальное оформление с первого дня ипотека выгоднее на 4% для каждого сотрудника льготные условия кредитования ДМС с первого дня и льготное страхование для близких бесплатная подписка Сбер Прайм+и скидки на продукты компаний-партнеров корпоративная пенсионная программа обучение за счет компании:онлайн курсы в Виртуальной школе Сбера и возможность получить новую квалификацию.;;;
14;Специалист отдела недвижимости и развития инфраструктуры;15;Y;;;;Сбер —лучший работодатель России. У нас 14 тысяч подразделений по всей стране и возможности развития для каждого сотрудника. В Сбере тебя ждет дружный коллектив, высококлассная профессиональная подготовка, современные технологии работы, забота о здоровье и безопасности.;text;;"<b><br>
</b><b>Обязанности:&nbsp;</b><br>
<ol>
	<li>разработка планировочных решений</li>
	<li>
	тех. надзора на объектах реконструкций и кап. ремонтов банка</li>
	<li>
	полное сопровождение строительного процесса</li>
</ol>
<ol>
</ol>";html;;500;AutoCAD, ArchiCAD, Грамотность, Инженерия, Строительство;;Строительство;3;5;Новосибирск;;1;высшее инженер-строитель, желательно ПГС знание строительных норм и правил умение работать в программах AutoCAD, ArchiCAD.;стабильный оклад и социальная поддержка сотрудников официальное оформление с первого дня ипотека выгоднее на 4% для каждого сотрудника льготные условия кредитования ДМС с первого дня и льготное страхование для близких бесплатная подписка Сбер Прайм+и скидки на продукты компаний-партнеров корпоративная пенсионная программа обучение за счет компании:онлайн курсы в Виртуальной школе Сбера и возможность получить новую квалификацию.;;;
14;Специалист отдела недвижимости и развития инфраструктуры;15;Y;;;;Сбер —лучший работодатель России. У нас 14 тысяч подразделений по всей стране и возможности развития для каждого сотрудника. В Сбере тебя ждет дружный коллектив, высококлассная профессиональная подготовка, современные технологии работы, забота о здоровье и безопасности.;text;;"<b><br>
</b><b>Обязанности:&nbsp;</b><br>
<ol>
	<li>разработка планировочных решений</li>
	<li>
	тех. надзора на объектах реконструкций и кап. ремонтов банка</li>
	<li>
	полное сопровождение строительного процесса</li>
</ol>
<ol>
</ol>";html;;500;AutoCAD, ArchiCAD, Грамотность, Инженерия, Строительство;;Строительство;3;6;Новосибирск;;1;высшее инженер-строитель, желательно ПГС знание строительных норм и правил умение работать в программах AutoCAD, ArchiCAD.;стабильный оклад и социальная поддержка сотрудников официальное оформление с первого дня ипотека выгоднее на 4% для каждого сотрудника льготные условия кредитования ДМС с первого дня и льготное страхование для близких бесплатная подписка Сбер Прайм+и скидки на продукты компаний-партнеров корпоративная пенсионная программа обучение за счет компании:онлайн курсы в Виртуальной школе Сбера и возможность получить новую квалификацию.;;;
15;Старший клиентский менеджер;16;Y;;;;Мы ищем старшего менеджера по сопровождению клиентов. Его главная задача – помогать клиентам с оформлением продуктов и услуг Сбера и экосистемы, а также консультировать по возникающим вопросам. Эта вакансия для тех, кто хочет развивать навыки эффективных продаж и стоить карьеру в банковской сфере.;text;;"<b>Работа в Сбере – это:<br>
 </b>
<ul>
	<li>стабильный оклад и социальная поддержка сотрудников</li>
	<li>официальное оформление с первого дня</li>
	<li>расширенный ДМС с первого дня и льготное страхование для близких</li>
	<li>корпоративное обучение в Виртуальной школе Сбера</li>
	<li>бесплатная подписка СберПрайм+, скидки на продукты компаний-партнеров</li>
	<li>корпоративная пенсионная программа</li>
	<li>ипотека выгоднее на 4% для каждого сотрудника.</li>
</ul>
<p>
 <i>Присоединяйся к команде старших клиентских менеджеров Сбера!</i>
</p>";html;;500;менеджер, Работа в команде, Работа с людьми;;Консалтинг;3;2;Новосибирск;;1;пециалист со средним профессиональным, неполным высшим или высшим образованием имеешь опыт работы в сфере продаж, обслуживания и консультирования клиентов от 6 месяцев доброжелателен и готов помогать клиентам.;предлагать продукты и услуги Сбера консультировать клиентов по возникающим вопросам помогать клиентам оформлять услуги и необходимые для них документы совершать транзакционные операции в рамках оформления продаж и постпродажного сопровождения клиентов вести базы клиентов.;;;
15;Старший клиентский менеджер;16;Y;;;;Мы ищем старшего менеджера по сопровождению клиентов. Его главная задача – помогать клиентам с оформлением продуктов и услуг Сбера и экосистемы, а также консультировать по возникающим вопросам. Эта вакансия для тех, кто хочет развивать навыки эффективных продаж и стоить карьеру в банковской сфере.;text;;"<b>Работа в Сбере – это:<br>
 </b>
<ul>
	<li>стабильный оклад и социальная поддержка сотрудников</li>
	<li>официальное оформление с первого дня</li>
	<li>расширенный ДМС с первого дня и льготное страхование для близких</li>
	<li>корпоративное обучение в Виртуальной школе Сбера</li>
	<li>бесплатная подписка СберПрайм+, скидки на продукты компаний-партнеров</li>
	<li>корпоративная пенсионная программа</li>
	<li>ипотека выгоднее на 4% для каждого сотрудника.</li>
</ul>
<p>
 <i>Присоединяйся к команде старших клиентских менеджеров Сбера!</i>
</p>";html;;500;менеджер, Работа в команде, Работа с людьми;;Консалтинг;3;3;Новосибирск;;1;пециалист со средним профессиональным, неполным высшим или высшим образованием имеешь опыт работы в сфере продаж, обслуживания и консультирования клиентов от 6 месяцев доброжелателен и готов помогать клиентам.;предлагать продукты и услуги Сбера консультировать клиентов по возникающим вопросам помогать клиентам оформлять услуги и необходимые для них документы совершать транзакционные операции в рамках оформления продаж и постпродажного сопровождения клиентов вести базы клиентов.;;;
15;Старший клиентский менеджер;16;Y;;;;Мы ищем старшего менеджера по сопровождению клиентов. Его главная задача – помогать клиентам с оформлением продуктов и услуг Сбера и экосистемы, а также консультировать по возникающим вопросам. Эта вакансия для тех, кто хочет развивать навыки эффективных продаж и стоить карьеру в банковской сфере.;text;;"<b>Работа в Сбере – это:<br>
 </b>
<ul>
	<li>стабильный оклад и социальная поддержка сотрудников</li>
	<li>официальное оформление с первого дня</li>
	<li>расширенный ДМС с первого дня и льготное страхование для близких</li>
	<li>корпоративное обучение в Виртуальной школе Сбера</li>
	<li>бесплатная подписка СберПрайм+, скидки на продукты компаний-партнеров</li>
	<li>корпоративная пенсионная программа</li>
	<li>ипотека выгоднее на 4% для каждого сотрудника.</li>
</ul>
<p>
 <i>Присоединяйся к команде старших клиентских менеджеров Сбера!</i>
</p>";html;;500;менеджер, Работа в команде, Работа с людьми;;Консалтинг;3;4;Новосибирск;;1;пециалист со средним профессиональным, неполным высшим или высшим образованием имеешь опыт работы в сфере продаж, обслуживания и консультирования клиентов от 6 месяцев доброжелателен и готов помогать клиентам.;предлагать продукты и услуги Сбера консультировать клиентов по возникающим вопросам помогать клиентам оформлять услуги и необходимые для них документы совершать транзакционные операции в рамках оформления продаж и постпродажного сопровождения клиентов вести базы клиентов.;;;
15;Старший клиентский менеджер;16;Y;;;;Мы ищем старшего менеджера по сопровождению клиентов. Его главная задача – помогать клиентам с оформлением продуктов и услуг Сбера и экосистемы, а также консультировать по возникающим вопросам. Эта вакансия для тех, кто хочет развивать навыки эффективных продаж и стоить карьеру в банковской сфере.;text;;"<b>Работа в Сбере – это:<br>
 </b>
<ul>
	<li>стабильный оклад и социальная поддержка сотрудников</li>
	<li>официальное оформление с первого дня</li>
	<li>расширенный ДМС с первого дня и льготное страхование для близких</li>
	<li>корпоративное обучение в Виртуальной школе Сбера</li>
	<li>бесплатная подписка СберПрайм+, скидки на продукты компаний-партнеров</li>
	<li>корпоративная пенсионная программа</li>
	<li>ипотека выгоднее на 4% для каждого сотрудника.</li>
</ul>
<p>
 <i>Присоединяйся к команде старших клиентских менеджеров Сбера!</i>
</p>";html;;500;менеджер, Работа в команде, Работа с людьми;;Менеджмент;3;2;Новосибирск;;1;пециалист со средним профессиональным, неполным высшим или высшим образованием имеешь опыт работы в сфере продаж, обслуживания и консультирования клиентов от 6 месяцев доброжелателен и готов помогать клиентам.;предлагать продукты и услуги Сбера консультировать клиентов по возникающим вопросам помогать клиентам оформлять услуги и необходимые для них документы совершать транзакционные операции в рамках оформления продаж и постпродажного сопровождения клиентов вести базы клиентов.;;;
15;Старший клиентский менеджер;16;Y;;;;Мы ищем старшего менеджера по сопровождению клиентов. Его главная задача – помогать клиентам с оформлением продуктов и услуг Сбера и экосистемы, а также консультировать по возникающим вопросам. Эта вакансия для тех, кто хочет развивать навыки эффективных продаж и стоить карьеру в банковской сфере.;text;;"<b>Работа в Сбере – это:<br>
 </b>
<ul>
	<li>стабильный оклад и социальная поддержка сотрудников</li>
	<li>официальное оформление с первого дня</li>
	<li>расширенный ДМС с первого дня и льготное страхование для близких</li>
	<li>корпоративное обучение в Виртуальной школе Сбера</li>
	<li>бесплатная подписка СберПрайм+, скидки на продукты компаний-партнеров</li>
	<li>корпоративная пенсионная программа</li>
	<li>ипотека выгоднее на 4% для каждого сотрудника.</li>
</ul>
<p>
 <i>Присоединяйся к команде старших клиентских менеджеров Сбера!</i>
</p>";html;;500;менеджер, Работа в команде, Работа с людьми;;Менеджмент;3;3;Новосибирск;;1;пециалист со средним профессиональным, неполным высшим или высшим образованием имеешь опыт работы в сфере продаж, обслуживания и консультирования клиентов от 6 месяцев доброжелателен и готов помогать клиентам.;предлагать продукты и услуги Сбера консультировать клиентов по возникающим вопросам помогать клиентам оформлять услуги и необходимые для них документы совершать транзакционные операции в рамках оформления продаж и постпродажного сопровождения клиентов вести базы клиентов.;;;
15;Старший клиентский менеджер;16;Y;;;;Мы ищем старшего менеджера по сопровождению клиентов. Его главная задача – помогать клиентам с оформлением продуктов и услуг Сбера и экосистемы, а также консультировать по возникающим вопросам. Эта вакансия для тех, кто хочет развивать навыки эффективных продаж и стоить карьеру в банковской сфере.;text;;"<b>Работа в Сбере – это:<br>
 </b>
<ul>
	<li>стабильный оклад и социальная поддержка сотрудников</li>
	<li>официальное оформление с первого дня</li>
	<li>расширенный ДМС с первого дня и льготное страхование для близких</li>
	<li>корпоративное обучение в Виртуальной школе Сбера</li>
	<li>бесплатная подписка СберПрайм+, скидки на продукты компаний-партнеров</li>
	<li>корпоративная пенсионная программа</li>
	<li>ипотека выгоднее на 4% для каждого сотрудника.</li>
</ul>
<p>
 <i>Присоединяйся к команде старших клиентских менеджеров Сбера!</i>
</p>";html;;500;менеджер, Работа в команде, Работа с людьми;;Менеджмент;3;4;Новосибирск;;1;пециалист со средним профессиональным, неполным высшим или высшим образованием имеешь опыт работы в сфере продаж, обслуживания и консультирования клиентов от 6 месяцев доброжелателен и готов помогать клиентам.;предлагать продукты и услуги Сбера консультировать клиентов по возникающим вопросам помогать клиентам оформлять услуги и необходимые для них документы совершать транзакционные операции в рамках оформления продаж и постпродажного сопровождения клиентов вести базы клиентов.;;;
15;Старший клиентский менеджер;16;Y;;;;Мы ищем старшего менеджера по сопровождению клиентов. Его главная задача – помогать клиентам с оформлением продуктов и услуг Сбера и экосистемы, а также консультировать по возникающим вопросам. Эта вакансия для тех, кто хочет развивать навыки эффективных продаж и стоить карьеру в банковской сфере.;text;;"<b>Работа в Сбере – это:<br>
 </b>
<ul>
	<li>стабильный оклад и социальная поддержка сотрудников</li>
	<li>официальное оформление с первого дня</li>
	<li>расширенный ДМС с первого дня и льготное страхование для близких</li>
	<li>корпоративное обучение в Виртуальной школе Сбера</li>
	<li>бесплатная подписка СберПрайм+, скидки на продукты компаний-партнеров</li>
	<li>корпоративная пенсионная программа</li>
	<li>ипотека выгоднее на 4% для каждого сотрудника.</li>
</ul>
<p>
 <i>Присоединяйся к команде старших клиентских менеджеров Сбера!</i>
</p>";html;;500;менеджер, Работа в команде, Работа с людьми;;Работа с людьми;3;2;Новосибирск;;1;пециалист со средним профессиональным, неполным высшим или высшим образованием имеешь опыт работы в сфере продаж, обслуживания и консультирования клиентов от 6 месяцев доброжелателен и готов помогать клиентам.;предлагать продукты и услуги Сбера консультировать клиентов по возникающим вопросам помогать клиентам оформлять услуги и необходимые для них документы совершать транзакционные операции в рамках оформления продаж и постпродажного сопровождения клиентов вести базы клиентов.;;;
15;Старший клиентский менеджер;16;Y;;;;Мы ищем старшего менеджера по сопровождению клиентов. Его главная задача – помогать клиентам с оформлением продуктов и услуг Сбера и экосистемы, а также консультировать по возникающим вопросам. Эта вакансия для тех, кто хочет развивать навыки эффективных продаж и стоить карьеру в банковской сфере.;text;;"<b>Работа в Сбере – это:<br>
 </b>
<ul>
	<li>стабильный оклад и социальная поддержка сотрудников</li>
	<li>официальное оформление с первого дня</li>
	<li>расширенный ДМС с первого дня и льготное страхование для близких</li>
	<li>корпоративное обучение в Виртуальной школе Сбера</li>
	<li>бесплатная подписка СберПрайм+, скидки на продукты компаний-партнеров</li>
	<li>корпоративная пенсионная программа</li>
	<li>ипотека выгоднее на 4% для каждого сотрудника.</li>
</ul>
<p>
 <i>Присоединяйся к команде старших клиентских менеджеров Сбера!</i>
</p>";html;;500;менеджер, Работа в команде, Работа с людьми;;Работа с людьми;3;3;Новосибирск;;1;пециалист со средним профессиональным, неполным высшим или высшим образованием имеешь опыт работы в сфере продаж, обслуживания и консультирования клиентов от 6 месяцев доброжелателен и готов помогать клиентам.;предлагать продукты и услуги Сбера консультировать клиентов по возникающим вопросам помогать клиентам оформлять услуги и необходимые для них документы совершать транзакционные операции в рамках оформления продаж и постпродажного сопровождения клиентов вести базы клиентов.;;;
15;Старший клиентский менеджер;16;Y;;;;Мы ищем старшего менеджера по сопровождению клиентов. Его главная задача – помогать клиентам с оформлением продуктов и услуг Сбера и экосистемы, а также консультировать по возникающим вопросам. Эта вакансия для тех, кто хочет развивать навыки эффективных продаж и стоить карьеру в банковской сфере.;text;;"<b>Работа в Сбере – это:<br>
 </b>
<ul>
	<li>стабильный оклад и социальная поддержка сотрудников</li>
	<li>официальное оформление с первого дня</li>
	<li>расширенный ДМС с первого дня и льготное страхование для близких</li>
	<li>корпоративное обучение в Виртуальной школе Сбера</li>
	<li>бесплатная подписка СберПрайм+, скидки на продукты компаний-партнеров</li>
	<li>корпоративная пенсионная программа</li>
	<li>ипотека выгоднее на 4% для каждого сотрудника.</li>
</ul>
<p>
 <i>Присоединяйся к команде старших клиентских менеджеров Сбера!</i>
</p>";html;;500;менеджер, Работа в команде, Работа с людьми;;Работа с людьми;3;4;Новосибирск;;1;пециалист со средним профессиональным, неполным высшим или высшим образованием имеешь опыт работы в сфере продаж, обслуживания и консультирования клиентов от 6 месяцев доброжелателен и готов помогать клиентам.;предлагать продукты и услуги Сбера консультировать клиентов по возникающим вопросам помогать клиентам оформлять услуги и необходимые для них документы совершать транзакционные операции в рамках оформления продаж и постпродажного сопровождения клиентов вести базы клиентов.;;;
